{"cameraMode":{"drawMode":0,"name":"Shaded","section":"Shading Mode"},"sceneLighting":false,"audioPlay":false,"sceneViewState":{"showFog":true,"showMaterialUpdate":false,"showSkybox":false,"showFlares":true,"showImageEffects":true,"showParticleSystems":true},"in2DMode":false,"pivot":{"x":196.89999389648438,"y":416.9192199707031,"z":0.0},"rotation":{"x":-0.20986267924308778,"y":0.05774327367544174,"z":-0.01241664495319128,"w":-0.9759452939033508},"size":1757.7506103515625,"orthographic":false}